epoch,time,train/box_loss,train/cls_loss,train/dfl_loss,metrics/precision(B),metrics/recall(B),metrics/mAP50(B),metrics/mAP50-95(B),val/box_loss,val/cls_loss,val/dfl_loss,lr/pg0,lr/pg1,lr/pg2
1,13.2266,1.38515,4.39724,1.40442,0.00243,0.72222,0.1256,0.11122,1.1851,4.59545,1.42426,0.000317556,0.000317556,0.000317556
2,25.0614,1.16588,3.90192,1.24235,0.00263,0.72222,0.22519,0.11634,1.28932,4.63429,1.39622,0.00077817,0.00077817,0.00077817
3,36.5336,1.36179,3.69159,1.3811,0.00291,0.83333,0.23646,0.10983,1.53486,4.68772,1.45202,0.00121992,0.00121992,0.00121992
4,48.0808,1.41951,3.31538,1.37546,0.00351,1,0.21641,0.08674,1.35108,4.57635,1.38525,0.00134412,0.00134412,0.00134412
5,59.5649,1.37549,4.65335,1.33229,0.00309,0.91667,0.10267,0.04866,1.39025,4.68852,1.45607,0.00131582,0.00131582,0.00131582
6,71.0073,1.30442,3.17371,1.28355,0.00309,0.91667,0.10267,0.04866,1.39025,4.68852,1.45607,0.00128753,0.00128753,0.00128753
7,82.4847,1.2536,3.1127,1.25695,0.00351,1,0.13542,0.05602,1.23953,4.62632,1.38593,0.00125923,0.00125923,0.00125923
8,93.9647,1.22705,3.21956,1.2129,0.0034,1,0.33615,0.13121,1.26794,4.53706,1.42471,0.00123094,0.00123094,0.00123094
9,105.407,1.1926,2.98719,1.14514,0.00332,1,0.41137,0.17142,1.26825,4.2776,1.4094,0.00120265,0.00120265,0.00120265
10,116.589,1.325,2.87995,1.27701,0.00332,1,0.41137,0.17142,1.26825,4.2776,1.4094,0.00117435,0.00117435,0.00117435
11,127.537,1.06515,2.94038,1.14809,0.00332,1,0.45371,0.23623,1.2232,4.13179,1.37926,0.00114606,0.00114606,0.00114606
12,138.579,1.06725,2.50805,1.14257,0.00333,1,0.2676,0.1433,1.25744,4.08102,1.48847,0.00111776,0.00111776,0.00111776
13,149.403,1.14,2.7982,1.17326,0.77111,0.11111,0.312,0.17389,1.14572,4.45032,1.33743,0.00108947,0.00108947,0.00108947
14,160.051,0.9946,2.22064,1.11195,0.77111,0.11111,0.312,0.17389,1.14572,4.45032,1.33743,0.00106118,0.00106118,0.00106118
15,170.983,1.06975,2.32824,1.11396,0.3375,0.33333,0.28593,0.22047,1.19037,7.66493,1.67322,0.00103288,0.00103288,0.00103288
16,181.816,1.08071,2.31757,1.12833,0.3758,0.44444,0.30272,0.2297,1.09346,5.54296,1.49752,0.00100459,0.00100459,0.00100459
17,192.561,1.08143,2.26249,1.24151,0.54079,0.40689,0.431,0.30402,0.93931,3.61022,1.11455,0.000976293,0.000976293,0.000976293
18,203.307,1.08204,2.402,1.25195,0.54079,0.40689,0.431,0.30402,0.93931,3.61022,1.11455,0.000947999,0.000947999,0.000947999
19,214.163,1.01788,2.15,1.05328,0.74459,0.32297,0.60209,0.38843,0.93122,3.6996,1.08886,0.000919704,0.000919704,0.000919704
20,224.895,0.8321,1.94238,0.98766,0.00337,1,0.53106,0.34063,0.89286,3.78858,1.08882,0.00089141,0.00089141,0.00089141
21,235.458,0.93883,1.99054,1.07914,0.00332,1,0.31643,0.23149,0.97971,3.83545,1.2528,0.000863116,0.000863116,0.000863116
22,246.061,0.88224,1.92673,1.06739,0.00332,1,0.31643,0.23149,0.97971,3.83545,1.2528,0.000834822,0.000834822,0.000834822
23,256.868,0.85567,1.79024,1.0292,0.003,0.91667,0.33501,0.25494,1.02887,3.95681,1.40446,0.000806528,0.000806528,0.000806528
24,267.693,1.0079,2.14881,1.16444,0.00332,1,0.45323,0.31095,1.0245,3.75735,1.31453,0.000778233,0.000778233,0.000778233
25,278.52,0.90623,1.91704,1.10803,0.78431,0.12418,0.63952,0.45856,0.92353,3.6162,1.22665,0.000749939,0.000749939,0.000749939
26,289.375,0.97148,1.84283,1.10603,0.78431,0.12418,0.63952,0.45856,0.92353,3.6162,1.22665,0.000721645,0.000721645,0.000721645
27,300.241,0.92518,1.89679,1.11506,0.87922,0.22222,0.69076,0.52171,0.82175,3.60559,1.16953,0.000693351,0.000693351,0.000693351
28,310.868,0.92978,2.19637,1.12984,1,0.22113,0.73899,0.54027,0.77614,3.70341,1.1372,0.000665057,0.000665057,0.000665057
29,321.719,0.75569,1.72192,0.95996,0.88507,0.22222,0.73469,0.57266,0.79939,3.54987,1.14496,0.000636762,0.000636762,0.000636762
30,332.541,0.90077,1.79353,1.03066,0.88507,0.22222,0.73469,0.57266,0.79939,3.54987,1.14496,0.000608468,0.000608468,0.000608468
31,343.388,0.80559,1.68713,1.00778,0.74811,0.22222,0.73979,0.53678,0.82674,3.43529,1.13799,0.000580174,0.000580174,0.000580174
32,354.307,0.8974,1.70681,1.07216,0.74412,0.22222,0.71677,0.5454,0.93546,3.29607,1.17735,0.00055188,0.00055188,0.00055188
33,365.233,0.84675,1.74504,1.06923,0.77777,0.52633,0.82422,0.56542,1.01955,3.15593,1.23605,0.000523586,0.000523586,0.000523586
34,376.111,0.79269,1.44004,1.02919,0.77777,0.52633,0.82422,0.56542,1.01955,3.15593,1.23605,0.000495291,0.000495291,0.000495291
35,386.99,0.68108,1.59707,1.02578,0.70818,0.58333,0.83872,0.57705,1.05418,3.00451,1.29551,0.000466997,0.000466997,0.000466997
36,397.889,0.91406,1.59255,1.1131,0.70444,0.66667,0.84,0.59747,1.05068,2.99135,1.3829,0.000438703,0.000438703,0.000438703
37,408.713,0.67435,1.58442,0.95002,0.63918,0.84993,0.85357,0.61604,1.0303,2.90653,1.36685,0.000410409,0.000410409,0.000410409
38,419.513,0.78837,1.63831,0.99992,0.63918,0.84993,0.85357,0.61604,1.0303,2.90653,1.36685,0.000382115,0.000382115,0.000382115
39,430.351,0.72714,1.41835,0.99924,0.55415,0.88889,0.87125,0.61246,1.0218,2.6848,1.33496,0.00035382,0.00035382,0.00035382
40,440.966,0.73888,1.48242,0.98822,0.64576,0.84886,0.896,0.63413,1.01943,2.38879,1.29514,0.000325526,0.000325526,0.000325526
41,451.764,0.68241,1.64791,0.98949,0.84817,0.79794,0.94,0.664,0.99545,2.20442,1.27137,0.000297232,0.000297232,0.000297232
42,462.42,0.59551,1.57189,0.9607,0.84817,0.79794,0.94,0.664,0.99545,2.20442,1.27137,0.000268938,0.000268938,0.000268938
43,473.173,0.63113,1.53788,0.93238,0.79675,0.88376,0.94,0.65258,0.97619,2.06195,1.25597,0.000240644,0.000240644,0.000240644
44,483.993,0.62177,1.54673,0.91486,0.80479,1,0.9675,0.68763,0.93462,2.01439,1.2444,0.000212349,0.000212349,0.000212349
45,494.879,0.6834,1.69285,0.99967,0.83273,0.9869,0.9675,0.72964,0.89808,1.95876,1.24131,0.000184055,0.000184055,0.000184055
46,505.621,0.55839,1.50488,0.89532,0.83273,0.9869,0.9675,0.72964,0.89808,1.95876,1.24131,0.000155761,0.000155761,0.000155761
47,516.413,0.57256,1.58562,0.9159,0.84363,0.98487,0.9675,0.74725,0.88538,1.8981,1.23727,0.000127467,0.000127467,0.000127467
48,527.156,0.53726,1.44966,0.91729,0.847,0.98449,0.9675,0.74474,0.86136,1.84346,1.22657,9.91726e-05,9.91726e-05,9.91726e-05
49,537.892,0.60831,1.55615,0.96537,0.85478,0.98503,0.9675,0.73374,0.85059,1.79213,1.2265,7.08784e-05,7.08784e-05,7.08784e-05
50,548.547,0.58244,1.49443,0.89049,0.85478,0.98503,0.9675,0.73374,0.85059,1.79213,1.2265,4.25842e-05,4.25842e-05,4.25842e-05
